Sample,MNE,SE of MNE,SE of MNE as % (x<=25%)
WT-R1,0.081883391,0.00503,6.14
WT-R2,0.084566792,0.01128,13.34
WT-R3,0.096562173,0.01971,20.41
m33-R1,0.096089813,0.00072,0.75
m33-R2,0.030372121,0.0033,10.87
m33-R3,0.067553657,0.00684,10.13
